--Enums----------------------------------------------------
INSERT INTO instrument_type (type) VALUES
('Piano'), ('Guitar'), ('Drums'), ('Bass'), ('Trumpet'), ('Saxophone'),
('Flute'), ('Cello'), ('Violin');

INSERT INTO instrument_brand (brand) VALUES
('Bach'),
('Fender'),
('Gibson'),
('Ibanez'),
('Sonor'),
('Stuart & Sons'),
('Stradivarius'),
('Tama'),
('Yamaha'),
('Zildjan');

INSERT INTO genre (genre) VALUES
('Classic'), ('Rock'), ('Jazz'), ('Film'), ('Pop'), ('Funk');

INSERT INTO instructor_instrument (instrument) VALUES
('Piano'), ('Guitar'), ('Drums'), ('Bass'), ('Trumpet'), ('Saxophone'),
('Flute'), ('Cello'), ('Violin');

INSERT INTO student_instrument (instrument) VALUES
('Piano'), ('Guitar'), ('Drums'), ('Bass'), ('Trumpet'), ('Saxophone'),
('Flute'), ('Cello'), ('Violin');

INSERT INTO lesson_instrument (instrument) VALUES
('Piano'), ('Guitar'), ('Drums'), ('Bass'), ('Trumpet'), ('Saxophone'),
('Flute'), ('Cello'), ('Violin');

INSERT INTO lesson_skill_level (skill_level) VALUES
('Beginner'), ('Intermediate'), ('Advanced');

INSERT INTO lesson_type (type) VALUES
('Individual'), ('Group'), ('Ensemble');

INSERT INTO student_skill_level (skill_level) VALUES
('Beginner'), ('Intermediate'), ('Advanced');

INSERT INTO price_type (type) VALUES
('Individual'), ('Group'), ('Ensemble');

INSERT INTO price_skill_level (skill_level) VALUES
('Beginner'), ('Intermediate'), ('Advanced');
-----------------------------------------------------------

INSERT INTO contact_person (first_name,last_name,email,phone)
VALUES
  ('Zeus','Walker','risus.nulla@hotmail.org','46422137590'),
  ('Oliver','Mcintyre','vivamus.sit.amet@aol.edu','46458587001'),
  ('Neville','Washington','aliquam.ultrices@hotmail.net','46676067101'),
  ('Ariel','Thompson','tristique.pellentesque@protonmail.couk','46487367087'),
  ('Zachery','Dillard','curabitur.vel@icloud.couk','46852691279'),
  ('Lana','Hutchinson','dolor.fusce@google.couk','46356122429'),
  ('Veronica','Cobb','lacinia.sed.congue@icloud.edu','46367147966'),
  ('Genevieve','Randall','augue.ut@protonmail.edu','46580751715');

INSERT INTO student (first_name,last_name,person_number,email,phone,street,city,zip,contact_person_id)
VALUES
  ('Lacota','Roth','200106141414','ac.orci@protonmail.org','0332543503','252-1802 Magna. Rd.','752436','Gorzów Wielkopolski',7),
  ('Remedios','Frye','201704151715','dapibus@outlook.couk','0588746716','8194 Quisque Rd.','15060','Pangnirtung',6),
  ('Chancellor','Mason','202105250925','ut@protonmail.net','0402503884','945-7657 Ultrices Street','53526','Castelnuovo Magra',6),
  ('Ryan','Brown','198405093109','nam.porttitor@icloud.ca','0117228986','P.O. Box 300, 8577 Libero. Street','628113','Makurdi',5),
  ('Jenette','Nelson','197908270727','ut.lacus.nulla@protonmail.com','0215456614','P.O. Box 634, 9015 Leo. St.','1111-4488','Potchefstroom',2),
  ('Seth','Vang','197505064306','mauris.rhoncus.id@outlook.edu','0787879382','Ap #998-6581 Vulputate Ave','1675','Lerum',4),
  ('Lucius','Foley','200602053705','ultricies.sem@aol.couk','0304993476','Ap #568-517 Aliquam Road','2318','Bowling Green',5),
  ('Lucas','Strong','197705115511','nulla@outlook.couk','0928143784','P.O. Box 980, 1524 Mi. Avenue','0293-4985','Ramillies',5),
  ('Miriam','Ware','196302162716','vehicula.risus@icloud.com','0561441741','Ap #550-1345 Adipiscing St.','623714','Grantham',5),
  ('Destiny','Weaver','197809030603','dolor.tempus@icloud.net','0655211148','6729 A Rd.','5172-5367','Mukachevo',3),
  ('Blaze','Pena','196810305030','vitae.orci@google.edu','0137148157','P.O. Box 997, 3789 Eu St.','27433','Woodlands',2),
  ('Jonah','Ramirez','199701194419','tincidunt.tempus@google.couk','0422622485','558-6929 Sed Avenue','674945','Paya Lebar',6),
  ('Dexter','Boyle','199609260026','consequat@protonmail.com','0586119477','9525 Aliquam Road','99-680','Nässjö',2),
  ('Rooney','Neal','197612242924','hendrerit.a@hotmail.com','0896636342','9462 Ac Rd.','74046','Edremit',5),
  ('Donovan','Dodson','196803070207','nec.mollis@google.edu','0828290105','Ap #572-5118 Duis Rd.','7552 ID','Jammu',5),
  ('Indigo','Lewis','200011043204','cum@yahoo.edu','0126426585','791-5734 Eget Road','72A 0G7','Changi Bay',4),
  ('Nathan','Collier','199411040304','fusce.mi@hotmail.edu','0553020651','209-5482 Rutrum St.','J5Q 9HE','Kielce',5),
  ('Christian','Carey','200008084108','tristique.senectus@aol.com','0972634400','847-1094 Erat. Avenue','698815','Dumai',4),
  ('Lois','Frye','200512264826','euismod.mauris@icloud.couk','0210281476','Ap #667-8047 Ut St.','53-66','Lugo',3),
  ('Emery','Clemons','197212165316','luctus.felis@google.ca','0480427288','1300 A Avenue','51B 7N4','Temuka',2),
  ('Joy','Woodward','196901201120','quis.turpis@google.ca','0136012913','P.O. Box 158, 4855 Vel, St.','T4H 3P1','Arica',7),
  ('Elliott','Fuller','200406131113','eu.ultrices@icloud.edu','0324585596','521-679 Gravida Road','38903','Gbongan',3),
  ('Bethany','Merritt','197511035803','mauris.a@aol.couk','0442757643','2196 Cras Rd.','377107','Horten',6),
  ('Alvin','Burns','197605220122','mollis.phasellus@aol.couk','0139021066','413-5855 Mauris Road','25012','Invercargill',7),
  ('Ryder','Acosta','202302022302','lacinia.orci.consectetuer@hotmail.net','0404635953','P.O. Box 262, 6597 Porttitor Rd.','5646-3198','Río Hurtado',6),
  ('Roth','Roth','197108265526','risus@hotmail.com','0967783994','P.O. Box 293, 4474 Fusce Av.','8757','Sembawang',7),
  ('Preston','Castillo','200906224522','malesuada@protonmail.net','0744284957','7364 Ipsum Street','586429','Gorontalo',5),
  ('Jameson','Dawson','198608175217','eu.odio.tristique@protonmail.org','0229945283','6100 Sapien. Rd.','04838','Westport',8),
  ('Grant','Velazquez','196205281728','libero.mauris.aliquam@protonmail.org','0826187785','P.O. Box 613, 5974 Sed St.','25922','Kapfenberg',7),
  ('Brynn','Edwards','199506010401','quis.arcu@icloud.ca','0276782475','Ap #667-705 Cum St.','17463','Brunn am Gebirge',2),
  ('Aline','Bass','198809031003','tincidunt.donec@hotmail.com','0142270595','811-2892 Massa. St.','02235','Río Verde',7),
  ('Kristen','Lara','197208261026','egestas@yahoo.edu','0272881164','Ap #357-5451 Vitae Avenue','22312','Connah''s Quay',8),
  ('Rudyard','Parsons','201505041304','in.nec@aol.couk','0208435481','P.O. Box 934, 5052 Imperdiet Rd.','16453','Malakand',3),
  ('Winifred','Green','196908135313','ligula.nullam@protonmail.ca','0241658143','6280 Id Street','837563','Wonju',4),
  ('Dai','Wiley','198605294929','aliquam.ornare.libero@yahoo.net','0233882325','Ap #956-5159 Turpis Rd.','51506','Georgia',7),
  ('Christopher','Sargent','200911084108','semper@google.edu','0960149556','1627 Dolor Rd.','6332','Oamaru',2),
  ('Darius','Burgess','199701021702','odio.vel@protonmail.org','0759271281','Ap #972-9951 Odio, St.','81075','Niort',2),
  ('Alec','Huff','196912115611','semper.tellus@yahoo.org','0578535606','7657 Enim. St.','26521','Hamilton',3),
  ('Debra','Kidd','197804184818','sociis@hotmail.edu','0474384473','Ap #479-1230 Ligula. Road','5401','Cork',4),
  ('Nigel','Carlson','201710134913','a.ultricies.adipiscing@aol.com','0673694864','226-3450 Libero Road','11401','Gboko',2),
  ('Tobias','Pennington','198107071307','nec.tempus.mauris@icloud.edu','0198436743','Ap #715-9224 Nunc Avenue','R2Z 1E2','Horsham',2),
  ('Alyssa','Puckett','196705173417','mi.lacinia.mattis@aol.edu','0942303856','Ap #766-7622 Interdum Ave','705687','Sankt Ingbert',1),
  ('Vera','Monroe','196111093609','lorem.ipsum.sodales@aol.edu','0081369535','872-6387 Cursus Street','4829','Darwin',6),
  ('Hilda','Sandoval','201710172717','ut.dolor@outlook.edu','0828917334','825-1562 Nulla Av.','42-83','Bandar Lampung',3),
  ('Geraldine','Hebert','196308225922','eu.sem@protonmail.couk','0347525596','495-1951 Sed, St.','6702','Lillehammer',2),
  ('Colby','Howard','198508315631','convallis.est@aol.com','0281823017','P.O. Box 872, 7430 Non, Street','9327','Haugesund',1),
  ('Kay','Merritt','201205100610','sit.amet@yahoo.edu','0417657531','447-8327 Et Street','25662','Jiangsu',2),
  ('Ira','Ward','196307203220','ipsum.donec@yahoo.com','0252888468','274-5054 Sed St.','21127','Peine',2),
  ('Heather','Pacheco','201504090009','pede.nec.ante@outlook.net','0458676562','9488 Tempus Avenue','6456','Salon-de-Provence',6),
  ('Katell','Cantrell','196210132213','rutrum.non@outlook.edu','0443341622','9748 Fringilla Rd.','675124','Tabaco',6),
  ('Ella','Bolton','199401114911','adipiscing@protonmail.edu','0605381952','469-1847 At Street','15-73','Recanati',7),
  ('Jenette','Powell','197912020502','ante.lectus.convallis@yahoo.org','0608363039','Ap #333-7515 Egestas. St.','33-394','Piancastagnaio',4),
  ('Beatrice','Frost','199205202820','quis.pede@yahoo.net','0866310325','528-6797 Fermentum St.','510345','Pekanbaru',7),
  ('Amber','Cobb','197102252925','nulla.ante.iaculis@outlook.net','0766743512','Ap #434-3327 Mauris. Av.','0953','Changi Bay',5),
  ('Mohammad','Gardner','200301194819','ut.nec@protonmail.edu','0382164611','P.O. Box 768, 8434 Tortor, Road','03227','West Jordan',4),
  ('Cyrus','Orr','200703153815','bibendum.fermentum.metus@protonmail.edu','0072857110','P.O. Box 231, 5577 Dolor Rd.','383859','Brive-la-Gaillarde',4),
  ('Cooper','Navarro','196305191819','a.magna.lorem@yahoo.ca','0344013819','P.O. Box 334, 8773 Arcu. Av.','5647','Laguna Blanca',4),
  ('Kieran','Reid','197509015501','convallis@yahoo.net','0216297124','P.O. Box 598, 7645 Ac Rd.','374355','East London',7),
  ('Cullen','Kline','200104233723','rutrum.justo@google.net','0536466452','818-529 Molestie Ave','61142','Kallang',7),
  ('Kareem','Moreno','198302071607','vitae@icloud.org','0572564033','2991 Quis Avenue','345997','Parndorf',7),
  ('Shellie','Chavez','198410275627','euismod.est@protonmail.edu','0984234535','P.O. Box 414, 8251 Ridiculus Av.','7896 HO','Le Havre',3),
  ('Zenia','Decker','200609175117','egestas.ligula.nullam@aol.edu','0703794325','Ap #953-1993 Vitae St.','11316','Romeral',2),
  ('Kelly','Reilly','196908011201','fusce.aliquet.magna@outlook.net','0415836253','946-5311 Mollis. Rd.','873838','Traiskirchen',7),
  ('Rae','Golden','199611221822','pellentesque.eget@icloud.edu','0171242022','3310 Vestibulum Av.','27018','Lương Bằng',7),
  ('Amery','Rich','200810265926','eleifend.nunc@icloud.org','0087626560','Ap #589-1381 Eget Av.','489444','Newark',4),
  ('Callie','Reeves','197307133713','nunc@google.com','0510244428','491-6504 Dolor Street','5763-3614','Alcorcón',7),
  ('Oliver','Banks','200711030703','mauris.ut@aol.org','0382334635','422-6843 Vitae, Road','3654','San Francisco',7),
  ('Elijah','Wiggins','200407103310','ultrices@outlook.couk','0448273777','Ap #874-2008 Enim Road','829972','Xhoris',3),
  ('Flavia','Cunningham','196308235423','vehicula.aliquet@protonmail.edu','0280342571','653-6590 Vivamus Avenue','b7Y 4E3','Berlin',4),
  ('Rudyard','Becker','199311183818','nisl.sem@outlook.couk','0388946454','Ap #628-2131 Elit Street','6975','Borlänge',2),
  ('Aurora','Pollard','196108202020','facilisis.facilisis@google.edu','0538224911','610-1869 Praesent Rd.','31318-13753','Kovel',7),
  ('Rogan','Aguirre','200904091209','eu.sem.pellentesque@outlook.ca','0135646812','P.O. Box 934, 1494 Vulputate, Road','24721','Macon',7),
  ('Wynne','Dudley','198510282928','facilisis.facilisis@protonmail.couk','0727849087','1404 Vitae Rd.','99615','Iseyin',7),
  ('Sylvester','Rivera','201502163416','nonummy.fusce@google.ca','0525663821','P.O. Box 950, 7063 Sollicitudin St.','408843','Cape Town',3),
  ('Violet','Leonard','200611094809','curabitur.egestas@icloud.edu','0170235834','501 Consectetuer St.','05826-56745','Qinghai',4),
  ('Mason','Marquez','196812280928','sit.amet@outlook.net','0473103914','P.O. Box 156, 6984 Et Rd.','738318','Częstochowa',6),
  ('Mannix','Carrillo','198110261026','mauris.vel@aol.ca','0350551817','P.O. Box 672, 3535 Facilisis St.','308880','Lauder',8),
  ('Dalton','Shaw','198108263726','sed.hendrerit@protonmail.edu','0528233483','P.O. Box 114, 2279 Eleifend Rd.','60931','Kremenchuk',8),
  ('Maya','Merritt','200003062706','in.magna@icloud.net','0582814181','6486 Rutrum Rd.','886866','Tortel',3),
  ('Colby','Lee','199309084408','bibendum.donec@icloud.com','0776876627','439-7110 Risus. Avenue','15534','Gönen',6),
  ('Lawrence','Brown','198703151315','in.hendrerit@aol.net','0773235465','863-1794 Tincidunt St.','15864','Dubbo',1),
  ('Garrison','Thompson','201708301530','erat.vel@aol.ca','0682141603','249-2498 Interdum Rd.','395718','Ashburton',4),
  ('Uriel','Fitzpatrick','201510213321','arcu.sed.eu@icloud.org','0930426742','Ap #845-7611 Tristique St.','35974','Imperatriz',8),
  ('Jordan','Patton','197601034803','mauris.quis@icloud.edu','0881742292','170-4202 Nec, Av.','309635','Rivne',2),
  ('Tiger','Bryan','196601181818','accumsan.sed.facilisis@google.com','0105060456','P.O. Box 902, 3562 Quisque Rd.','71192-69244','Odendaalsrus',8),
  ('Brenna','Garcia','197608265926','mauris@outlook.com','0323566227','117-5510 Etiam Rd.','4292-2845','Zielona Góra',1),
  ('Abel','Hoffman','198309241924','cras@outlook.ca','0454940796','Ap #201-5245 Cras Av.','4711','Cusco',2),
  ('Jackson','Gould','197702024302','eu.nulla@protonmail.couk','0666355815','P.O. Box 766, 2336 Proin Street','4655','Slough',4),
  ('Lionel','Bernard','196111111111','congue.a.aliquet@protonmail.couk','0271779733','653-3692 Sed Avenue','62573','Alto Baudó',6),
  ('Candace','Hudson','202006241324','sem.egestas@icloud.com','0576444747','Ap #406-1401 Augue Av.','25585','Stargard Szczeciński',2),
  ('Sylvia','Fowler','198708144514','arcu.sed@hotmail.ca','0248406184','416-4229 Duis Rd.','12-62','Bourges',6),
  ('Macey','Lester','200408123912','turpis@aol.ca','0613832886','P.O. Box 764, 2169 Magna Rd.','526832','Oviedo',3),
  ('Galena','Banks','197210302330','neque.nullam@yahoo.couk','0417262295','Ap #528-9578 Est, Rd.','67-237','Dublin',4),
  ('Wynne','Craig','201501193319','etiam.imperdiet@aol.org','0965957327','5318 Dolor, St.','3430','Rawalakot',1),
  ('Honorato','Rollins','201006183918','dolor.dapibus.gravida@outlook.couk','0185656375','Ap #756-727 Litora St.','4576-4767','Itanagar',7),
  ('Paloma','Bell','201601021502','viverra.maecenas@yahoo.org','0556171155','Ap #794-464 Ante Rd.','6765','Whakatane',4),
  ('Megan','Hahn','196404084508','lacinia.vitae.sodales@protonmail.com','0469621370','Ap #963-182 Augue Ave','8978','Saarlouis',6),
  ('Kylan','Weaver','201212232523','dictum.eu.placerat@yahoo.org','0596483198','341-9803 Mollis Av.','3113','Lipetsk',4),
  ('Nina','Summers','197208163216','eu.nibh@aol.couk','0724185640','185-3295 Fringilla St.','R7X 2RC','Berlin',7),
  ('Lester','Alford','201409263026','non@google.com','0542819462','P.O. Box 556, 6958 Eu Av.','68011','Gyeongju',5);


INSERT INTO instructor (first_name,last_name,person_number,email,phone,teaches_ensemble,street,zip,city)
VALUES
  ('Rama','Barrera','197708031103','id.enim@aol.couk','0194682262','1','P.O. Box 502, 7583 Ut Street','171807','Móstoles'),
  ('Aurelia','Wall','196706045804','a.purus@icloud.com','0715517050','1','6919 Nibh. Street','439184','Balsas'),
  ('Stone','Goodman','200901243224','enim.gravida.sit@hotmail.edu','0179886252','1','728-6707 Ligula. Rd.','8823','Püttlingen'),
  ('Alan','Mcgee','201107175717','cursus@hotmail.ca','0072539617','1','106-640 Lectus Av.','462873','Río Ibáñez'),
  ('Griffin','Bryan','199405243824','tellus.nunc@google.com','0721887266','1','401-6758 Nulla Road','15441','Owerri'),
  ('Garrison','Tillman','199908111911','porttitor.eros@icloud.org','0795801647','1','794 Nisi. Av.','15-585','Ivanovo'),
  ('Shana','Singleton','201602290529','penatibus.et@icloud.org','0507817100','1','865-8983 Sed St.','884841','Williams Lake'),
  ('Mercedes','Ware','201306135013','aenean.gravida@icloud.org','0326659871','1','Ap #652-6143 Penatibus Road','70283','Ålesund'),
  ('Duncan','Rosario','199210254625','mattis.velit.justo@aol.net','0814183888','1','3489 Lobortis, Ave','370573','Liễu Đề'),
  ('Eagan','Bond','200904202820','et.ultrices.posuere@aol.net','0421611791','1','Ap #323-3534 Neque Rd.','Y8X 3L0','Sokoto');

INSERT INTO instrument (instrument_brand_id, instrument_type_id, real_instrument_id, cost) 
VALUES 
((SELECT instrument_brand_id FROM instrument_brand WHERE brand='Fender'), 
(SELECT instrument_type_id FROM instrument_type WHERE type='Guitar'), '084-26-4796', 268),

((SELECT instrument_brand_id FROM instrument_brand WHERE brand='Yamaha'), 
(SELECT instrument_type_id FROM instrument_type WHERE type='Piano'), '501-01-5627', 234),

((SELECT instrument_brand_id FROM instrument_brand WHERE brand='Ibanez'), 
(SELECT instrument_type_id FROM instrument_type WHERE type='Bass'), '931-31-8248', 162),

((SELECT instrument_brand_id FROM instrument_brand WHERE brand='Zildjan'), 
(SELECT instrument_type_id FROM instrument_type WHERE type='Drums'), '785-65-1122', 225),

((SELECT instrument_brand_id FROM instrument_brand WHERE brand='Fender'), 
(SELECT instrument_type_id FROM instrument_type WHERE type='Guitar'), '007-28-8162', 102),

((SELECT instrument_brand_id FROM instrument_brand WHERE brand='Fender'), 
(SELECT instrument_type_id FROM instrument_type WHERE type='Guitar'), '308-43-5788', 172),

((SELECT instrument_brand_id FROM instrument_brand WHERE brand='Fender'), 
(SELECT instrument_type_id FROM instrument_type WHERE type='Guitar'), '913-07-2998', 176),

((SELECT instrument_brand_id FROM instrument_brand WHERE brand='Yamaha'), 
(SELECT instrument_type_id FROM instrument_type WHERE type='Piano'), '022-77-0622', 285),

((SELECT instrument_brand_id FROM instrument_brand WHERE brand='Yamaha'), 
(SELECT instrument_type_id FROM instrument_type WHERE type='Piano'), '820-57-0208', 151),

((SELECT instrument_brand_id FROM instrument_brand WHERE brand='Zildjan'), 
(SELECT instrument_type_id FROM instrument_type WHERE type='Drums'), '565-11-9348', 216);

INSERT INTO rental (start_date, end_date,student_id, instrument_id) 
VALUES 
('2022-12-01', '2023-05-17',1, (SELECT instrument_id FROM instrument WHERE real_instrument_id='084-26-4796')),
('2022-12-01', '2023-11-04',1, (SELECT instrument_id FROM instrument WHERE real_instrument_id='501-01-5627')),
('2022-12-01', '2023-04-13',2, (SELECT instrument_id FROM instrument WHERE real_instrument_id='931-31-8248')),
('2022-12-01', '2023-11-09',3, (SELECT instrument_id FROM instrument WHERE real_instrument_id='785-65-1122')),
('2022-12-01', '2023-07-28',4, (SELECT instrument_id FROM instrument WHERE real_instrument_id='007-28-8162'));

INSERT INTO student_skills (student_id, student_instrument_id, student_skill_level_id)
VALUES
(1,7,1),
(2,6,2),
(3,8,2),
(4,2,3),
(5,4,2),
(6,7,2),
(7,2,1),
(8,2,2),
(9,3,1),
(10,7,2),
(11,3,2),
(12,9,1),
(13,4,2),
(14,9,1),
(15,6,2),
(16,7,3),
(17,4,3),
(18,6,1),
(19,6,3),
(20,3,2),
(21,5,2),
(22,2,2),
(23,5,2),
(24,3,1),
(25,7,1),
(26,7,2),
(27,5,2),
(28,8,2),
(29,9,1),
(30,3,2),
(31,8,1),
(32,4,1),
(33,9,2),
(34,7,2),
(35,6,1),
(36,5,2),
(37,6,1),
(38,4,1),
(39,5,2),
(40,5,2),
(41,1,1),
(42,6,2),
(43,5,3),
(44,2,2),
(45,1,1),
(46,5,2),
(47,5,2),
(48,5,1),
(49,2,1),
(50,4,2),
(51,2,2),
(52,3,2),
(53,9,2),
(54,5,3),
(55,5,3),
(56,6,1),
(57,2,2),
(58,3,3),
(59,8,1),
(60,7,3),
(61,2,2),
(62,6,2),
(63,4,3),
(64,3,1),
(65,5,2),
(66,6,1),
(67,1,1),
(68,4,3),
(69,3,3),
(70,7,1),
(71,5,2),
(72,4,3),
(73,4,2),
(74,5,2),
(75,3,2),
(76,5,2),
(77,3,1),
(78,4,2),
(79,2,1),
(80,4,2),
(81,4,3),
(82,3,1),
(83,4,3),
(84,6,3),
(85,7,2),
(86,4,3),
(87,4,2),
(88,7,3),
(89,3,3),
(90,5,1),
(91,8,1),
(92,2,2),
(93,3,3),
(94,8,2),
(95,6,3),
(96,4,3),
(97,3,2),
(98,2,2),
(99,3,3),
(100,5,1);

INSERT INTO sibling (student_id, sibling_id) VALUES
-- 1 sibling
(1, 2), 
(2, 1),
(6, 8), 
(8, 6),
(40, 41),
(41, 40),
(50, 51),
(51, 50),
(61, 60),
(60, 61),

-- 2 siblings
(3, 4), 
(3, 5), 
(4, 3), 
(5, 3),
(5, 4),
(4, 5),

(10, 11), 
(10, 12), 
(11, 10), 
(12, 10),
(11, 12),
(12, 11),

(13, 14), 
(14, 13), 
(13, 15), 
(15, 13),
(14, 15),
(15, 14),

(20, 21), 
(20, 22), 
(21, 20), 
(22, 20),
(21, 22),
(22, 21),

(30, 31),
(30, 32),
(31, 30),
(32, 30),
(31, 32),
(32, 31);

INSERT INTO plays_instrument (instructor_id, instructor_instrument_id) VALUES
(1,2),
(2,9),
(3,4),
(4,8),
(5,3),
(6,7),
(7,8),
(8,6),
(9,8),
(10,8);

INSERT INTO booking (date, time, instructor_id) VALUES
('2022-03-28','10:00:00',1),
('2022-03-01','10:00:00',8),
('2022-01-26','13:00:00',4),
('2022-07-29','10:00:00',2),
('2022-05-30','09:00:00',3),
('2022-11-12','13:00:00',5),
('2022-11-08','15:00:00',7),
('2022-11-16','11:00:00',4),
('2022-06-01','16:00:00',4),
('2022-02-24','15:00:00',8),
('2022-02-17','15:00:00',9),
('2022-08-10','16:00:00',9),
('2022-10-17','10:00:00',3),
('2022-07-24','16:00:00',9),
('2022-08-20','10:00:00',3),
('2022-01-21','15:00:00',3),
('2022-08-02','14:00:00',2),
('2022-11-02','09:00:00',3),
('2022-10-19','08:00:00',7),
('2022-08-23','09:00:00',2),
('2022-10-24','14:00:00',4),
('2022-10-22','16:00:00',5),
('2022-08-28','08:00:00',2),
('2022-10-10','12:00:00',9),
('2022-01-02','11:00:00',2),
('2022-07-18','14:00:00',8),
('2022-12-07','08:00:00',3),
('2022-02-14','15:00:00',1),
('2022-01-25','14:00:00',4),
('2022-03-31','09:00:00',3),
('2022-08-05','14:00:00',6),
('2022-08-13','08:00:00',2),
('2022-06-05','10:00:00',9),
('2022-11-13','16:00:00',7),
('2022-08-08','14:00:00',9),
('2022-03-13','12:00:00',6),
('2022-07-03','08:00:00',8),
('2022-07-13','08:00:00',2),
('2022-01-17','10:00:00',1),
('2022-04-19','10:00:00',4),
('2022-06-08','14:00:00',4),
('2022-10-09','12:00:00',3),
('2022-02-23','14:00:00',2),
('2022-03-14','11:00:00',3),
('2022-02-13','15:00:00',6),
('2022-04-04','12:00:00',2),
('2022-11-05','16:00:00',5),
('2022-04-10','08:00:00',6),
('2022-07-31','14:00:00',4),
('2022-01-11','12:00:00',4),
('2022-10-05','09:00:00',6),
('2022-07-18','11:00:00',2),
('2022-10-15','16:00:00',2),
('2022-11-08','14:00:00',3),
('2022-07-07','11:00:00',6),
('2022-08-04','16:00:00',3),
('2022-02-19','12:00:00',10),
('2022-11-08','13:00:00',2),
('2022-10-02','13:00:00',9),
('2022-08-07','11:00:00',8),
('2022-07-24','13:00:00',7),
('2022-04-17','12:00:00',3),
('2022-08-18','16:00:00',9),
('2022-12-13','15:00:00',5),
('2022-09-17','08:00:00',9),
('2022-01-10','08:00:00',6),
('2022-09-26','11:00:00',2),
('2022-01-17','11:00:00',4),
('2022-05-24','09:00:00',6),
('2022-09-11','16:00:00',3),
('2022-10-22','10:00:00',3),
('2022-03-12','12:00:00',9),
('2022-02-16','13:00:00',8),
('2022-04-23','15:00:00',2),
('2022-04-01','08:00:00',4),
('2022-12-03','08:00:00',2),
('2022-12-23','16:00:00',9),
('2022-02-26','10:00:00',6),
('2022-11-28','14:00:00',7),
('2022-11-12','09:00:00',1),
('2022-11-21','10:00:00',9),
('2022-11-20','16:00:00',10),
('2022-07-04','10:00:00',6),
('2022-07-24','15:00:00',5),
('2022-12-21','12:00:00',9),
('2022-09-12','14:00:00',2),
('2022-02-02','14:00:00',2),
('2022-08-13','13:00:00',5),
('2022-04-25','13:00:00',8),
('2022-12-19','10:00:00',6),
('2022-09-17','09:00:00',7),
('2022-02-01','15:00:00',3),
('2022-04-19','12:00:00',2),
('2022-05-21','11:00:00',3),
('2022-10-12','11:00:00',9),
('2022-05-19','11:00:00',7),
('2022-05-21','14:00:00',6),
('2022-04-07','15:00:00',7),
('2022-02-15','12:00:00',10),
('2022-05-29','08:00:00',6);


INSERT INTO booked_students (student_id, booking_id) VALUES
(1, (SELECT booking_id FROM booking WHERE time='10:00:00' AND date='2022-03-28' AND instructor_id=1)),
(2, (SELECT booking_id FROM booking WHERE time='10:00:00' AND date='2022-03-28' AND instructor_id=1)),
(3, (SELECT booking_id FROM booking WHERE time='10:00:00' AND date='2022-03-28' AND instructor_id=1)),
(4, (SELECT booking_id FROM booking WHERE time='10:00:00' AND date='2022-03-28' AND instructor_id=1)),
-- Group --------------------------------------------------
(12,2),
(75,2),
(40,2),
(37,2),

(5,3),
(54,3),
(10,3),
(58,3),
(19,3),

(63,4),
(45,4),
(42,4),
(70,4),
(66,4),

(82,5),
(33,5),
(24,5),
(19,5),

(39,6),
(58,6),
(73,6),

(59,7),
(99,7),
(14,7),
(92,7),
(86,7),

(35,8),
(56,8),

(95,9),
(37,9),

(42,10),
(27,10),
(91,10),
(77,10),
(46,10),

(92,11),
(68,11),
(7,11),
(50,11),

(79,12),
(10,12),
(6,12),
(28,12),
(8,12),

(89,13),
(13,13),
(36,13),
(24,13),
(86,13),

(74,14),
(85,14),
(61,14),

(63,15),
(22,15),
(62,15),
(35,15),
(57,15),

(75,16),
(92,16),
(94,16),
(89,16),

(70,17),
(55,17),

(15,18),
(91,18),
(8,18),

(31,19),
(94,19),
(99,19),
(89,19),
(8,19),

(11,20),
(92,20),
(74,20),
(62,20),
(12,20),

(57,21),
(21,21),
(29,21),

(38,22),
(31,22),
(98,22),
(43,22),

(47,23),
(72,23),
(51,23),
(79,23),
(83,23),

(34,24),
(30,24),
(90,24),

(2,25),
(54,25),
(23,25),
(65,25),

(33,26),
(6,26),
(57,26),
(56,26),

-- Indi --------------------------------------------------
(30,27),
(7,28),
(7,29),
(51,30),
(12,31),
(61,32),
(35,33),
(37,34),
(76,35),
(67,36),
(75,37),
(33,38),
(99,39),
(86,40),
(47,41),
(11,42),
(13,43),
(41,44),
(35,45),
(46,46),
(90,47),
(77,48),
(24,49),
(31,50),
(62,51),
(29,52),
(36,53),
(76,54),
(90,55),
(92,56),
(89,57),
(22,58),
(73,59),
(81,60),
(94,61),
(99,62),
(21,63),
(100,64),
(3,65),
(57,66),
(46,67),
(55,68),
(93,69),
(5,70),
(52,71),
(70,72),
(62,73),
(53,74),
(86,75),
(53,76),
-- Ensemble ------------------------------------------------
(9,77),
(85,77),
(33,77),
(39,77),
(98,77),
(71,77),

(69,78),
(52,78),
(16,78),
(4,78),
(53,78),
(31,78),
(66,78),
(62,78),
(84,78),

(7,79),
(11,79),
(38,79),
(64,79),
(99,79),
(46,79),
(81,79),
(78,79),
(86,79),
(12,79),

(97,80),
(37,80),
(23,80),
(45,80),
(15,80),
(59,80),
(31,80),
(51,80),
(93,80),
(79,80),

(68,81),
(35,81),
(58,81),
(66,81),
(38,81),

(40,82),
(5,82),
(58,82),
(86,82),
(25,82),
(11,82),
(95,82),
(27,82),
(43,82),
(33,82),

(20,83),
(44,83),
(13,83),
(32,83),
(69,83),
(93,83),
(23,83),
(4,83),

(96,84),
(71,84),
(6,84),
(16,84),
(11,84),
(2,84),
(3,84),

(43,85),
(58,85),
(93,85),
(42,85),

(35,86),
(61,86),
(33,86),
(82,86),
(84,86),
(41,86),
(2,86),
(53,86),
(3,86),

(85,87),
(90,87),
(86,87),
(32,87),
(15,87),
(35,87),
(17,87),
(26,87),
(3,87),
(1,87),

(58,88),
(37,88),
(62,88),
(35,88),
(8,88),
(34,88),
(17,88),
(79,88),
(44,88),
(12,88),

(32,89),
(18,89),
(78,89),
(64,89),
(65,89),
(79,89),
(62,89),

(66,90),
(76,90),
(48,90),
(41,90),
(24,90),
(81,90),
(86,90),
(83,90),

(46,91),
(16,91),
(69,91),
(66,91),
(62,91),
(39,91),

(47,92),
(11,92),
(95,92),
(43,92),
(27,92),
(93,92),
(94,92),
(7,92),
(12,92),

(58,93),
(71,93),
(54,93),
(59,93),
(60,93),
(88,93),
(46,93),
(93,93),
(17,93),
(89,93),

(15,94),
(89,94),
(34,94),
(12,94),
(47,94),
(21,94),
(97,94),
(26,94),
(64,94),
(61,94),

(77,95),
(81,95),
(41,95),
(65,95),
(47,95),
(86,95),
(32,95),
(28,95),
(85,95),

(42,95),
(71,96),
(83,96),
(59,96),
(88,96),

(36,97),
(33,97),
(35,97),
(11,97),
(40,97),
(5,97),
(22,97),
(56,97),
(84,97),
(86,97),

(50,98),
(2,98),
(96,98),
(34,98),
(23,98),
(54,98),
(63,98),
(46,98),

(42,99),
(60,99),
(31,99),
(88,99),
(12,99),
(44,99),
(84,99),

(65,100),
(31,100),
(43,100),
(82,100),
(35,100),
(12,100),
(5,100),
(66,100),
(88,100),
(53,100);

INSERT INTO lesson_price (price, instructor_payment, sibling_discount, price_type_id, price_skill_level_id) VALUES
--Individual, beginner
(100, 60, 10, (SELECT price_type_id FROM price_type WHERE type='Individual'), 
(SELECT price_skill_level_id FROM price_skill_level WHERE skill_level='Beginner')),
--Individual, intermediate
(120, 80, 10, (SELECT price_type_id FROM price_type WHERE type='Individual'), 
(SELECT price_skill_level_id FROM price_skill_level WHERE skill_level='Intermediate')),
--Individual, advanced
(140, 100, 10, (SELECT price_type_id FROM price_type WHERE type='Individual'), 
(SELECT price_skill_level_id FROM price_skill_level WHERE skill_level='Advanced')),
--Group, beginner
(80, 60, 5, (SELECT price_type_id FROM price_type WHERE type='Group'), 
(SELECT price_skill_level_id FROM price_skill_level WHERE skill_level='Beginner')),
--Group, intermediate
(100, 80, 5, (SELECT price_type_id FROM price_type WHERE type='Group'), 
(SELECT price_skill_level_id FROM price_skill_level WHERE skill_level='Intermediate')),
--Group, advanced
(120, 100, 5, (SELECT price_type_id FROM price_type WHERE type='Group'), 
(SELECT price_skill_level_id FROM price_skill_level WHERE skill_level='Advanced')),
--Ensemble
(110, 70, 5, (SELECT price_type_id FROM price_type WHERE type='Ensemble'), NULL);


INSERT INTO lesson (booking_id, lesson_type_id, lesson_skill_level_id, lesson_price_id,
max_number_of_students, min_number_of_students, genre_id, lesson_instrument_id)
VALUES
(26, 
(SELECT lesson_type_id FROM lesson_type WHERE type='Group'),
(SELECT lesson_skill_level_id FROM lesson_skill_level WHERE skill_level='Advanced'),
(SELECT lesson_price_id FROM lesson_price WHERE 
price_type_id=(SELECT price_type_id FROM price_type WHERE type='Group') 
AND price_skill_level_id=(SELECT price_skill_level_id FROM price_skill_level WHERE skill_level='Advanced')),
5, 3, NULL,
(SELECT lesson_instrument_id FROM lesson_instrument WHERE instrument='Piano')),
(1,2,2,5,5,2,NULL,8),
(2,2,3,6,5,2,NULL,7),
(3,2,3,6,5,2,NULL,2),
(4,2,2,5,5,2,NULL,5),
(5,2,2,5,5,2,NULL,9),
(6,2,3,6,5,2,NULL,2),
(7,2,2,5,5,2,NULL,9),
(8,2,1,4,5,2,NULL,7),
(9,2,2,5,5,2,NULL,6),
(10,2,3,6,5,2,NULL,6),
(11,2,2,5,5,2,NULL,6),
(12,2,3,6,5,2,NULL,4),
(13,2,1,4,5,2,NULL,2),
(14,2,1,4,5,2,NULL,5),
(15,2,2,5,5,2,NULL,7),
(16,2,1,4,5,2,NULL,1),
(17,2,3,6,5,2,NULL,6),
(18,2,3,6,5,2,NULL,3),
(19,2,2,5,5,2,NULL,5),
(20,2,1,4,5,2,NULL,6),
(21,2,3,6,5,2,NULL,4),
(22,2,2,5,5,2,NULL,7),
(23,2,1,4,5,2,NULL,7),
(24,2,2,5,5,2,NULL,6),
(25,2,3,6,5,2,NULL,2),

(27,1,1,1,NULL,NULL,NULL,6),
(28,1,2,2,NULL,NULL,NULL,3),
(29,1,2,2,NULL,NULL,NULL,8),
(30,1,3,3,NULL,NULL,NULL,4),
(31,1,2,2,NULL,NULL,NULL,8),
(32,1,2,2,NULL,NULL,NULL,2),
(33,1,1,1,NULL,NULL,NULL,8),
(34,1,1,1,NULL,NULL,NULL,9),
(35,1,2,2,NULL,NULL,NULL,2),
(36,1,3,3,NULL,NULL,NULL,9),
(37,1,3,3,NULL,NULL,NULL,1),
(38,1,3,3,NULL,NULL,NULL,3),
(39,1,3,3,NULL,NULL,NULL,2),
(40,1,1,1,NULL,NULL,NULL,4),
(41,1,3,3,NULL,NULL,NULL,8),
(42,1,1,1,NULL,NULL,NULL,2),
(43,1,3,3,NULL,NULL,NULL,2),
(44,1,2,2,NULL,NULL,NULL,1),
(45,1,3,3,NULL,NULL,NULL,3),
(46,1,2,2,NULL,NULL,NULL,1),
(47,1,2,2,NULL,NULL,NULL,9),
(48,1,1,1,NULL,NULL,NULL,1),
(49,1,2,2,NULL,NULL,NULL,8),
(50,1,2,2,NULL,NULL,NULL,6),
(51,1,1,1,NULL,NULL,NULL,3),
(52,1,1,1,NULL,NULL,NULL,4),
(53,1,2,2,NULL,NULL,NULL,2),
(54,1,2,2,NULL,NULL,NULL,3),
(55,1,3,3,NULL,NULL,NULL,4),
(56,1,2,2,NULL,NULL,NULL,6),
(57,1,2,2,NULL,NULL,NULL,8),
(58,1,2,2,NULL,NULL,NULL,4),
(59,1,2,2,NULL,NULL,NULL,8),
(60,1,2,2,NULL,NULL,NULL,7),
(61,1,2,2,NULL,NULL,NULL,2),
(62,1,2,2,NULL,NULL,NULL,4),
(63,1,2,2,NULL,NULL,NULL,6),
(64,1,2,2,NULL,NULL,NULL,2),
(65,1,3,3,NULL,NULL,NULL,4),
(66,1,3,3,NULL,NULL,NULL,5),
(67,1,3,3,NULL,NULL,NULL,3),
(68,1,3,3,NULL,NULL,NULL,7),
(69,1,3,3,NULL,NULL,NULL,6),
(70,1,2,2,NULL,NULL,NULL,3),
(71,1,2,2,NULL,NULL,NULL,3),
(72,1,2,2,NULL,NULL,NULL,5),
(73,1,2,2,NULL,NULL,NULL,7),
(74,1,2,2,NULL,NULL,NULL,4),
(75,1,2,2,NULL,NULL,NULL,4),
(76,1,1,1,NULL,NULL,NULL,1),

(77,3,NULL,7,10,3,1,NULL),
(78,3,NULL,7,10,3,2,NULL),
(79,3,NULL,7,10,3,2,NULL),
(80,3,NULL,7,10,3,5,NULL),
(81,3,NULL,7,10,3,1,NULL),
(82,3,NULL,7,10,3,3,NULL),
(83,3,NULL,7,10,3,4,NULL),
(84,3,NULL,7,10,3,2,NULL),
(85,3,NULL,7,10,3,2,NULL),
(86,3,NULL,7,10,3,1,NULL),
(87,3,NULL,7,10,3,1,NULL),
(88,3,NULL,7,10,3,3,NULL),
(89,3,NULL,7,10,3,5,NULL),
(90,3,NULL,7,10,3,4,NULL),
(91,3,NULL,7,10,3,6,NULL),
(92,3,NULL,7,10,3,5,NULL),
(93,3,NULL,7,10,3,1,NULL),
(94,3,NULL,7,10,3,4,NULL),
(95,3,NULL,7,10,3,5,NULL),
(96,3,NULL,7,10,3,6,NULL),
(97,3,NULL,7,10,3,4,NULL),
(98,3,NULL,7,10,3,2,NULL),
(99,3,NULL,7,10,3,5,NULL),
(100,3,NULL,7,10,3,5,NULL);

-- CREATE VIEW for siblings
CREATE VIEW show_siblings AS
SELECT siblings, COUNT(*) AS students FROM (SELECT COUNT(sibling_id) AS siblings FROM sibling GROUP BY student_id) AS x
GROUP BY siblings
UNION
SELECT 0, (SELECT SUM(CASE WHEN student_id NOT IN (SELECT student_id FROM sibling) THEN 1 ELSE 0 END) AS f)
FROM student
ORDER BY siblings;

-- CREATE VIEW to show total lessons per month, and the number of lessons for each type per month for a specific year
CREATE VIEW lessons_per_month AS
SELECT EXTRACT(YEAR from b.date) AS year, EXTRACT(MONTH from b.date) AS month,
COUNT(*) AS lessons_given,
SUM(CASE WHEN l.lesson_type_id = 1 THEN 1 ELSE 0 END) AS individual,
SUM(CASE WHEN l.lesson_type_id = 2 THEN 1 ELSE 0 END) AS group,
SUM(CASE WHEN l.lesson_type_id = 3 THEN 1 ELSE 0 END) AS ensemble
FROM lesson AS l 
INNER JOIN booking AS b ON b.booking_id = l.booking_id
GROUP BY month, year
ORDER BY month;

-- CREATE VIEW for the ensembles the next week
CREATE MATERIALIZED VIEW ensembles_next_week AS
SELECT l.booking_id AS booking_id, b.date, EXTRACT(dow from b.date) AS day_of_week, t.type AS type, g.genre AS genre, 
CASE
    WHEN l.max_number_of_students - COUNT(*) FILTER (WHERE student_id IN (SELECT student_id FROM booked_students)) = 0 THEN 'fully booked'
    WHEN l.max_number_of_students - COUNT(*) FILTER (WHERE student_id IN (SELECT student_id FROM booked_students)) > 2 THEN 'more seats left'
    WHEN l.max_number_of_students - COUNT(*) FILTER (WHERE student_id IN (SELECT student_id FROM booked_students)) BETWEEN 1 AND 2 THEN '1-2 seats left'
END AS seats
FROM lesson AS l 
INNER JOIN booking AS b ON b.booking_id = l.booking_id 
INNER JOIN lesson_type AS t ON t.lesson_type_id = l.lesson_type_id
INNER JOIN genre AS g ON g.genre_id = l.genre_id
INNER JOIN booked_students AS bk ON bk.booking_id=l.booking_id
WHERE (SELECT EXTRACT(WEEK FROM b.date)) = (SELECT EXTRACT(WEEK FROM NOW() + INTERVAL '1 WEEK'))
GROUP BY day_of_week, type, genre, l.booking_id, l.max_number_of_students, b.date
ORDER BY day_of_week, genre;

-- CREATE VIEW for showing instructor lessons the current month
CREATE VIEW given_lessons AS 
SELECT i.first_name, i.last_name, i.person_number, COUNT(*) AS lessons_given FROM instructor AS i 
INNER JOIN booking AS b ON i.instructor_id = b.instructor_id 
WHERE (SELECT EXTRACT(MONTH FROM b.date)) = (SELECT EXTRACT(MONTH FROM NOW()))
GROUP BY i.first_name, i.last_name, i.person_number
ORDER BY COUNT(*) DESC;